1M|bool|C|bool	0.2177
1M|bool|C|u8	0.31409
1M|bool|C|i8	0.324485
1M|bool|C|i16	0.441695
1M|bool|C|u16	0.42528
1M|bool|C|i32	0.67589
1M|bool|C|u32	0.69635
1M|bool|C|i64	1.29624
1M|bool|C|u64	1.2573
1M|bool|C|char	0.426585
1M|bool|C|f16	1.67245
1M|bool|C|f32	0.725655
1M|bool|C|f64	1.30586
1M|bool|C|c128	2.5324
1M|bool|F|bool	0.01524
1M|bool|F|u8	0.186195
1M|bool|F|i8	0.213735
1M|bool|F|i16	0.4333
1M|bool|F|u16	0.428275
1M|bool|F|i32	0.68102
1M|bool|F|u32	0.67155
1M|bool|F|i64	1.21186
1M|bool|F|u64	1.22051
1M|bool|F|char	0.43494
1M|bool|F|f16	1.66735
1M|bool|F|f32	0.732145
1M|bool|F|f64	1.26905
1M|bool|F|c128	2.48925
1M|bool|T|bool	0.2316
1M|bool|T|u8	0.324045
1M|bool|T|i8	0.32736
1M|bool|T|i16	0.42687
1M|bool|T|u16	0.44119
1M|bool|T|i32	0.676915
1M|bool|T|u32	0.67693
1M|bool|T|i64	1.25699
1M|bool|T|u64	1.3238
1M|bool|T|char	0.428665
1M|bool|T|f16	1.69345
1M|bool|T|f32	0.725025
1M|bool|T|f64	1.32889
1M|bool|T|c128	2.46543
1M|bool|sliced|bool	0.216075
1M|bool|sliced|u8	0.329605
1M|bool|sliced|i8	0.340225
1M|bool|sliced|i16	0.434295
1M|bool|sliced|u16	0.4366
1M|bool|sliced|i32	0.70283
1M|bool|sliced|u32	0.71801
1M|bool|sliced|i64	1.26818
1M|bool|sliced|u64	1.26399
1M|bool|sliced|char	0.4499
1M|bool|sliced|f16	1.69262
1M|bool|sliced|f32	0.72868
1M|bool|sliced|f64	1.32613
1M|bool|sliced|c128	2.49275
1M|bool|negrow|bool	0.223245
1M|bool|negrow|u8	0.34524
1M|bool|negrow|i8	0.343215
1M|bool|negrow|i16	0.43845
1M|bool|negrow|u16	0.44053
1M|bool|negrow|i32	0.691225
1M|bool|negrow|u32	0.727
1M|bool|negrow|i64	1.29157
1M|bool|negrow|u64	1.24705
1M|bool|negrow|char	0.452955
1M|bool|negrow|f16	1.72823
1M|bool|negrow|f32	0.72993
1M|bool|negrow|f64	1.29606
1M|bool|negrow|c128	2.46629
1M|bool|negcol|bool	0.332825
1M|bool|negcol|u8	0.442265
1M|bool|negcol|i8	0.448275
1M|bool|negcol|i16	0.49326
1M|bool|negcol|u16	0.486305
1M|bool|negcol|i32	0.72397
1M|bool|negcol|u32	0.743855
1M|bool|negcol|i64	1.31913
1M|bool|negcol|u64	1.36199
1M|bool|negcol|char	0.494715
1M|bool|negcol|f16	1.71508
1M|bool|negcol|f32	0.77258
1M|bool|negcol|f64	1.30636
1M|bool|negcol|c128	2.52452
1M|bool|strided|bool	0.095205
1M|bool|strided|u8	0.150455
1M|bool|strided|i8	0.1514
1M|bool|strided|i16	0.27491
1M|bool|strided|u16	0.29139
1M|bool|strided|i32	0.369995
1M|bool|strided|u32	0.408305
1M|bool|strided|i64	0.68267
1M|bool|strided|u64	0.69478
1M|bool|strided|char	0.295965
1M|bool|strided|f16	0.901795
1M|bool|strided|f32	0.427205
1M|bool|strided|f64	0.6905
1M|bool|strided|c128	1.29214
1M|bool|bcast|bool	0.204235
1M|bool|bcast|u8	0.44052
1M|bool|bcast|i8	0.351015
1M|bool|bcast|i16	0.49612
1M|bool|bcast|u16	0.49401
1M|bool|bcast|i32	0.72222
1M|bool|bcast|u32	0.711205
1M|bool|bcast|i64	1.31161
1M|bool|bcast|u64	1.30759
1M|bool|bcast|char	0.50314
1M|bool|bcast|f16	1.70353
1M|bool|bcast|f32	0.77797
1M|bool|bcast|f64	1.33136
1M|bool|bcast|c128	2.50922
1M|u8|C|bool	0.224055
1M|u8|C|u8	0.078895
1M|u8|C|i8	0.247465
1M|u8|C|i16	0.404335
1M|u8|C|u16	0.440745
1M|u8|C|i32	0.6768
1M|u8|C|u32	0.68303
1M|u8|C|i64	1.23445
1M|u8|C|u64	1.28432
1M|u8|C|char	0.38395
1M|u8|C|f16	1.58802
1M|u8|C|f32	0.688985
1M|u8|C|f64	1.31402
1M|u8|C|c128	2.48256
1M|u8|F|bool	0.229675
1M|u8|F|u8	0.084655
1M|u8|F|i8	0.235225
1M|u8|F|i16	0.394625
1M|u8|F|u16	0.386335
1M|u8|F|i32	0.679625
1M|u8|F|u32	0.68507
1M|u8|F|i64	1.27071
1M|u8|F|u64	1.28693
1M|u8|F|char	0.39641
1M|u8|F|f16	1.59173
1M|u8|F|f32	0.687945
1M|u8|F|f64	1.29438
1M|u8|F|c128	2.54906
1M|u8|T|bool	0.22504
1M|u8|T|u8	0.08354
1M|u8|T|i8	0.24014
1M|u8|T|i16	0.411785
1M|u8|T|u16	0.383635
1M|u8|T|i32	0.67423
1M|u8|T|u32	0.664625
1M|u8|T|i64	1.19591
1M|u8|T|u64	1.2557
1M|u8|T|char	0.405405
1M|u8|T|f16	1.58299
1M|u8|T|f32	0.669885
1M|u8|T|f64	1.28517
1M|u8|T|c128	2.44427
1M|u8|sliced|bool	0.23366
1M|u8|sliced|u8	0.07594
1M|u8|sliced|i8	0.23341
1M|u8|sliced|i16	0.40156
1M|u8|sliced|u16	0.40004
1M|u8|sliced|i32	0.673675
1M|u8|sliced|u32	0.692195
1M|u8|sliced|i64	1.25657
1M|u8|sliced|u64	1.25265
1M|u8|sliced|char	0.40455
1M|u8|sliced|f16	1.61196
1M|u8|sliced|f32	0.68656
1M|u8|sliced|f64	1.30057
1M|u8|sliced|c128	2.53211
1M|u8|negrow|bool	0.24239
1M|u8|negrow|u8	0.079515
1M|u8|negrow|i8	0.241595
1M|u8|negrow|i16	0.402565
1M|u8|negrow|u16	0.406045
1M|u8|negrow|i32	0.69458
1M|u8|negrow|u32	0.70039
1M|u8|negrow|i64	1.28601
1M|u8|negrow|u64	1.23728
1M|u8|negrow|char	0.416315
1M|u8|negrow|f16	1.62177
1M|u8|negrow|f32	0.722575
1M|u8|negrow|f64	1.32873
1M|u8|negrow|c128	2.44867
1M|u8|negcol|bool	0.34884
1M|u8|negcol|u8	0.23454
1M|u8|negcol|i8	0.256595
1M|u8|negcol|i16	0.440755
1M|u8|negcol|u16	0.429875
1M|u8|negcol|i32	0.6867
1M|u8|negcol|u32	0.67831
1M|u8|negcol|i64	1.29517
1M|u8|negcol|u64	1.24338
1M|u8|negcol|char	0.422765
1M|u8|negcol|f16	1.61204
1M|u8|negcol|f32	0.724005
1M|u8|negcol|f64	1.33064
1M|u8|negcol|c128	2.47311
1M|u8|strided|bool	0.15149
1M|u8|strided|u8	0.092575
1M|u8|strided|i8	0.103135
1M|u8|strided|i16	0.1481
1M|u8|strided|u16	0.148285
1M|u8|strided|i32	0.33883
1M|u8|strided|u32	0.33357
1M|u8|strided|i64	0.643065
1M|u8|strided|u64	0.629765
1M|u8|strided|char	0.144175
1M|u8|strided|f16	0.737355
1M|u8|strided|f32	0.361435
1M|u8|strided|f64	0.64087
1M|u8|strided|c128	1.27143
1M|u8|bcast|bool	0.346865
1M|u8|bcast|u8	0.074165
1M|u8|bcast|i8	0.25451
1M|u8|bcast|i16	0.428455
1M|u8|bcast|u16	0.41393
1M|u8|bcast|i32	0.671305
1M|u8|bcast|u32	0.689365
1M|u8|bcast|i64	1.29632
1M|u8|bcast|u64	1.28983
1M|u8|bcast|char	0.42691
1M|u8|bcast|f16	1.63459
1M|u8|bcast|f32	0.707445
1M|u8|bcast|f64	1.25844
1M|u8|bcast|c128	2.45335
1M|i8|C|bool	0.230095
1M|i8|C|u8	0.226685
1M|i8|C|i8	0.054415
1M|i8|C|i16	0.426305
1M|i8|C|u16	0.40426
1M|i8|C|i32	0.676995
1M|i8|C|u32	0.6554
1M|i8|C|i64	1.25244
1M|i8|C|u64	1.21825
1M|i8|C|char	0.394065
1M|i8|C|f16	1.58664
1M|i8|C|f32	0.67622
1M|i8|C|f64	1.32034
1M|i8|C|c128	2.44933
1M|i8|F|bool	0.209915
1M|i8|F|u8	0.210795
1M|i8|F|i8	0.05374
1M|i8|F|i16	0.432285
1M|i8|F|u16	0.402295
1M|i8|F|i32	0.67708
1M|i8|F|u32	0.65054
1M|i8|F|i64	1.24485
1M|i8|F|u64	1.26142
1M|i8|F|char	0.392435
1M|i8|F|f16	1.59534
1M|i8|F|f32	0.684825
1M|i8|F|f64	1.29443
1M|i8|F|c128	2.42449
1M|i8|T|bool	0.212175
1M|i8|T|u8	0.21029
1M|i8|T|i8	0.053885
1M|i8|T|i16	0.43664
1M|i8|T|u16	0.38177
1M|i8|T|i32	0.660545
1M|i8|T|u32	0.689805
1M|i8|T|i64	1.22597
1M|i8|T|u64	1.26354
1M|i8|T|char	0.400535
1M|i8|T|f16	1.61628
1M|i8|T|f32	0.7299
1M|i8|T|f64	1.32773
1M|i8|T|c128	2.53937
1M|i8|sliced|bool	0.220145
1M|i8|sliced|u8	0.215205
1M|i8|sliced|i8	0.05648
1M|i8|sliced|i16	0.446775
1M|i8|sliced|u16	0.40455
1M|i8|sliced|i32	0.681565
1M|i8|sliced|u32	0.69505
1M|i8|sliced|i64	1.25889
1M|i8|sliced|u64	1.25043
1M|i8|sliced|char	0.422775
1M|i8|sliced|f16	1.61481
1M|i8|sliced|f32	0.68252
1M|i8|sliced|f64	1.26471
1M|i8|sliced|c128	2.50444
1M|i8|negrow|bool	0.22956
1M|i8|negrow|u8	0.223405
1M|i8|negrow|i8	0.057725
1M|i8|negrow|i16	0.46209
1M|i8|negrow|u16	0.39692
1M|i8|negrow|i32	0.66903
1M|i8|negrow|u32	0.695495
1M|i8|negrow|i64	1.28982
1M|i8|negrow|u64	1.26841
1M|i8|negrow|char	0.406745
1M|i8|negrow|f16	1.65882
1M|i8|negrow|f32	0.70812
1M|i8|negrow|f64	1.29843
1M|i8|negrow|c128	2.53374
1M|i8|negcol|bool	0.33486
1M|i8|negcol|u8	0.24141
1M|i8|negcol|i8	0.220965
1M|i8|negcol|i16	0.428225
1M|i8|negcol|u16	0.433195
1M|i8|negcol|i32	0.703965
1M|i8|negcol|u32	0.725595
1M|i8|negcol|i64	1.3204
1M|i8|negcol|u64	1.27955
1M|i8|negcol|char	0.425755
1M|i8|negcol|f16	1.63829
1M|i8|negcol|f32	0.702685
1M|i8|negcol|f64	1.31312
1M|i8|negcol|c128	2.50015
1M|i8|strided|bool	0.149715
1M|i8|strided|u8	0.10349
1M|i8|strided|i8	0.09367
1M|i8|strided|i16	0.129515
1M|i8|strided|u16	0.130045
1M|i8|strided|i32	0.34386
1M|i8|strided|u32	0.360365
1M|i8|strided|i64	0.6434
1M|i8|strided|u64	0.669625
1M|i8|strided|char	0.133235
1M|i8|strided|f16	0.74891
1M|i8|strided|f32	0.3498
1M|i8|strided|f64	0.64049
1M|i8|strided|c128	1.27736
1M|i8|bcast|bool	0.339385
1M|i8|bcast|u8	0.24981
1M|i8|bcast|i8	0.05283
1M|i8|bcast|i16	0.419155
1M|i8|bcast|u16	0.42174
1M|i8|bcast|i32	0.725535
1M|i8|bcast|u32	0.70712
1M|i8|bcast|i64	1.24199
1M|i8|bcast|u64	1.28332
1M|i8|bcast|char	0.42979
1M|i8|bcast|f16	1.64113
1M|i8|bcast|f32	0.72971
1M|i8|bcast|f64	1.29184
1M|i8|bcast|c128	2.50841
1M|i16|C|bool	0.209845
1M|i16|C|u8	0.20858
1M|i16|C|i8	0.21175
1M|i16|C|i16	0.25919
1M|i16|C|u16	0.38818
1M|i16|C|i32	0.655055
1M|i16|C|u32	0.658755
1M|i16|C|i64	1.26809
1M|i16|C|u64	1.26143
1M|i16|C|char	0.3895
1M|i16|C|f16	1.61051
1M|i16|C|f32	0.670825
1M|i16|C|f64	1.24491
1M|i16|C|c128	2.49532
1M|i16|F|bool	0.209985
1M|i16|F|u8	0.20817
1M|i16|F|i8	0.19705
1M|i16|F|i16	0.274425
1M|i16|F|u16	0.39921
1M|i16|F|i32	0.65793
1M|i16|F|u32	0.67116
1M|i16|F|i64	1.2522
1M|i16|F|u64	1.25239
1M|i16|F|char	0.3901
1M|i16|F|f16	1.5959
1M|i16|F|f32	0.64791
1M|i16|F|f64	1.25593
1M|i16|F|c128	2.4697
1M|i16|T|bool	0.19753
1M|i16|T|u8	0.197635
1M|i16|T|i8	0.20731
1M|i16|T|i16	0.258935
1M|i16|T|u16	0.389145
1M|i16|T|i32	0.66228
1M|i16|T|u32	0.655065
1M|i16|T|i64	1.23778
1M|i16|T|u64	1.26175
1M|i16|T|char	0.386905
1M|i16|T|f16	1.59888
1M|i16|T|f32	0.672085
1M|i16|T|f64	1.29526
1M|i16|T|c128	2.48216
1M|i16|sliced|bool	0.207335
1M|i16|sliced|u8	0.20717
1M|i16|sliced|i8	0.207475
1M|i16|sliced|i16	0.344215
1M|i16|sliced|u16	0.4069
1M|i16|sliced|i32	0.72699
1M|i16|sliced|u32	0.6606
1M|i16|sliced|i64	1.25166
1M|i16|sliced|u64	1.2711
1M|i16|sliced|char	0.407085
1M|i16|sliced|f16	1.6569
1M|i16|sliced|f32	0.70979
1M|i16|sliced|f64	1.31049
1M|i16|sliced|c128	2.4616
1M|i16|negrow|bool	0.22559
1M|i16|negrow|u8	0.21955
1M|i16|negrow|i8	0.215585
1M|i16|negrow|i16	0.378825
1M|i16|negrow|u16	0.43653
1M|i16|negrow|i32	0.669035
1M|i16|negrow|u32	0.66922
1M|i16|negrow|i64	1.27314
1M|i16|negrow|u64	1.27061
1M|i16|negrow|char	0.41653
1M|i16|negrow|f16	1.6399
1M|i16|negrow|f32	0.70631
1M|i16|negrow|f64	1.28175
1M|i16|negrow|c128	2.51736
1M|i16|negcol|bool	0.32215
1M|i16|negcol|u8	0.226355
1M|i16|negcol|i8	0.23667
1M|i16|negcol|i16	0.413335
1M|i16|negcol|u16	0.42746
1M|i16|negcol|i32	0.672065
1M|i16|negcol|u32	0.679735
1M|i16|negcol|i64	1.28908
1M|i16|negcol|u64	1.28501
1M|i16|negcol|char	0.457805
1M|i16|negcol|f16	1.67589
1M|i16|negcol|f32	0.76451
1M|i16|negcol|f64	1.45212
1M|i16|negcol|c128	2.57964
1M|i16|strided|bool	0.15052
1M|i16|strided|u8	0.098885
1M|i16|strided|i8	0.10441
1M|i16|strided|i16	0.10595
1M|i16|strided|u16	0.118855
1M|i16|strided|i32	0.341255
1M|i16|strided|u32	0.34405
1M|i16|strided|i64	0.67543
1M|i16|strided|u64	0.662175
1M|i16|strided|char	0.11628
1M|i16|strided|f16	0.76756
1M|i16|strided|f32	0.372365
1M|i16|strided|f64	0.64747
1M|i16|strided|c128	1.24983
1M|i16|bcast|bool	0.322025
1M|i16|bcast|u8	0.21788
1M|i16|bcast|i8	0.22657
1M|i16|bcast|i16	0.4264
1M|i16|bcast|u16	0.450145
1M|i16|bcast|i32	0.709335
1M|i16|bcast|u32	0.69296
1M|i16|bcast|i64	1.27098
1M|i16|bcast|u64	1.26979
1M|i16|bcast|char	0.43364
1M|i16|bcast|f16	1.61854
1M|i16|bcast|f32	0.72652
1M|i16|bcast|f64	1.28831
1M|i16|bcast|c128	2.51084
1M|u16|C|bool	0.20121
1M|u16|C|u8	0.203865
1M|u16|C|i8	0.196865
1M|u16|C|i16	0.400265
1M|u16|C|u16	0.27196
1M|u16|C|i32	0.646925
1M|u16|C|u32	0.638405
1M|u16|C|i64	1.27263
1M|u16|C|u64	1.23135
1M|u16|C|char	0.2582
1M|u16|C|f16	1.60064
1M|u16|C|f32	0.68171
1M|u16|C|f64	1.28172
1M|u16|C|c128	2.49108
1M|u16|F|bool	0.20205
1M|u16|F|u8	0.206565
1M|u16|F|i8	0.196145
1M|u16|F|i16	0.38813
1M|u16|F|u16	0.265555
1M|u16|F|i32	0.66262
1M|u16|F|u32	0.665095
1M|u16|F|i64	1.25771
1M|u16|F|u64	1.24838
1M|u16|F|char	0.263015
1M|u16|F|f16	1.60397
1M|u16|F|f32	0.718045
1M|u16|F|f64	1.30368
1M|u16|F|c128	2.49862
1M|u16|T|bool	0.19828
1M|u16|T|u8	0.21848
1M|u16|T|i8	0.197
1M|u16|T|i16	0.392685
1M|u16|T|u16	0.27039
1M|u16|T|i32	0.688
1M|u16|T|u32	0.694125
1M|u16|T|i64	1.27252
1M|u16|T|u64	1.24446
1M|u16|T|char	0.260165
1M|u16|T|f16	1.61165
1M|u16|T|f32	0.69097
1M|u16|T|f64	1.2707
1M|u16|T|c128	2.44044
1M|u16|sliced|bool	0.207825
1M|u16|sliced|u8	0.20694
1M|u16|sliced|i8	0.206045
1M|u16|sliced|i16	0.41623
1M|u16|sliced|u16	0.369315
1M|u16|sliced|i32	0.664585
1M|u16|sliced|u32	0.65731
1M|u16|sliced|i64	1.24374
1M|u16|sliced|u64	1.21669
1M|u16|sliced|char	0.36133
1M|u16|sliced|f16	1.64634
1M|u16|sliced|f32	0.647055
1M|u16|sliced|f64	1.23112
1M|u16|sliced|c128	2.42263
1M|u16|negrow|bool	0.21769
1M|u16|negrow|u8	0.209935
1M|u16|negrow|i8	0.208875
1M|u16|negrow|i16	0.40825
1M|u16|negrow|u16	0.35136
1M|u16|negrow|i32	0.66885
1M|u16|negrow|u32	0.6748
1M|u16|negrow|i64	1.23614
1M|u16|negrow|u64	1.20644
1M|u16|negrow|char	0.341865
1M|u16|negrow|f16	1.67682
1M|u16|negrow|f32	0.671685
1M|u16|negrow|f64	1.25387
1M|u16|negrow|c128	2.47835
1M|u16|negcol|bool	0.32258
1M|u16|negcol|u8	0.232415
1M|u16|negcol|i8	0.23039
1M|u16|negcol|i16	0.42153
1M|u16|negcol|u16	0.41434
1M|u16|negcol|i32	0.69998
1M|u16|negcol|u32	0.712985
1M|u16|negcol|i64	1.27086
1M|u16|negcol|u64	1.27126
1M|u16|negcol|char	0.417925
1M|u16|negcol|f16	1.64329
1M|u16|negcol|f32	0.70854
1M|u16|negcol|f64	1.26756
1M|u16|negcol|c128	2.47749
1M|u16|strided|bool	0.153575
1M|u16|strided|u8	0.09833
1M|u16|strided|i8	0.10283
1M|u16|strided|i16	0.116115
1M|u16|strided|u16	0.105605
1M|u16|strided|i32	0.34782
1M|u16|strided|u32	0.338405
1M|u16|strided|i64	0.6581
1M|u16|strided|u64	0.63412
1M|u16|strided|char	0.10532
1M|u16|strided|f16	0.723505
1M|u16|strided|f32	0.36209
1M|u16|strided|f64	0.665585
1M|u16|strided|c128	1.22905
1M|u16|bcast|bool	0.314795
1M|u16|bcast|u8	0.239925
1M|u16|bcast|i8	0.2275
1M|u16|bcast|i16	0.41425
1M|u16|bcast|u16	0.403715
1M|u16|bcast|i32	0.68882
1M|u16|bcast|u32	0.695155
1M|u16|bcast|i64	1.23801
1M|u16|bcast|u64	1.24672
1M|u16|bcast|char	0.37816
1M|u16|bcast|f16	1.62489
1M|u16|bcast|f32	0.69914
1M|u16|bcast|f64	1.237
1M|u16|bcast|c128	2.44689
1M|i32|C|bool	0.20025
1M|i32|C|u8	0.195675
1M|i32|C|i8	0.19904
1M|i32|C|i16	0.386855
1M|i32|C|u16	0.40439
1M|i32|C|i32	0.51039
1M|i32|C|u32	0.65334
1M|i32|C|i64	1.265
1M|i32|C|u64	1.24944
1M|i32|C|char	0.41337
1M|i32|C|f16	1.58545
1M|i32|C|f32	0.66054
1M|i32|C|f64	1.23479
1M|i32|C|c128	2.43978
1M|i32|F|bool	0.199665
1M|i32|F|u8	0.19917
1M|i32|F|i8	0.20082
1M|i32|F|i16	0.39473
1M|i32|F|u16	0.390335
1M|i32|F|i32	0.514985
1M|i32|F|u32	0.661095
1M|i32|F|i64	1.26841
1M|i32|F|u64	1.2812
1M|i32|F|char	0.402635
1M|i32|F|f16	1.59226
1M|i32|F|f32	0.678125
1M|i32|F|f64	1.28689
1M|i32|F|c128	2.5631
1M|i32|T|bool	0.19674
1M|i32|T|u8	0.201205
1M|i32|T|i8	0.201805
1M|i32|T|i16	0.39709
1M|i32|T|u16	0.41027
1M|i32|T|i32	0.524415
1M|i32|T|u32	0.672045
1M|i32|T|i64	1.29278
1M|i32|T|u64	1.26521
1M|i32|T|char	0.407585
1M|i32|T|f16	1.60362
1M|i32|T|f32	0.66592
1M|i32|T|f64	1.38532
1M|i32|T|c128	2.55491
1M|i32|sliced|bool	0.209195
1M|i32|sliced|u8	0.204755
1M|i32|sliced|i8	0.20553
1M|i32|sliced|i16	0.41181
1M|i32|sliced|u16	0.421085
1M|i32|sliced|i32	0.684385
1M|i32|sliced|u32	0.679595
1M|i32|sliced|i64	1.30866
1M|i32|sliced|u64	1.22506
1M|i32|sliced|char	0.396545
1M|i32|sliced|f16	1.60545
1M|i32|sliced|f32	0.676395
1M|i32|sliced|f64	1.32473
1M|i32|sliced|c128	2.5037
1M|i32|negrow|bool	0.22309
1M|i32|negrow|u8	0.21422
1M|i32|negrow|i8	0.212185
1M|i32|negrow|i16	0.425295
1M|i32|negrow|u16	0.408745
1M|i32|negrow|i32	0.7141
1M|i32|negrow|u32	0.67353
1M|i32|negrow|i64	1.3375
1M|i32|negrow|u64	1.22378
1M|i32|negrow|char	0.413665
1M|i32|negrow|f16	1.62755
1M|i32|negrow|f32	0.699755
1M|i32|negrow|f64	1.28514
1M|i32|negrow|c128	2.53682
1M|i32|negcol|bool	0.330355
1M|i32|negcol|u8	0.25617
1M|i32|negcol|i8	0.22538
1M|i32|negcol|i16	0.43657
1M|i32|negcol|u16	0.42942
1M|i32|negcol|i32	0.67741
1M|i32|negcol|u32	0.725195
1M|i32|negcol|i64	1.28719
1M|i32|negcol|u64	1.37469
1M|i32|negcol|char	0.461255
1M|i32|negcol|f16	1.6487
1M|i32|negcol|f32	0.704285
1M|i32|negcol|f64	1.23408
1M|i32|negcol|c128	2.52736
1M|i32|strided|bool	0.150675
1M|i32|strided|u8	0.103365
1M|i32|strided|i8	0.09891
1M|i32|strided|i16	0.11743
1M|i32|strided|u16	0.117615
1M|i32|strided|i32	0.34131
1M|i32|strided|u32	0.359275
1M|i32|strided|i64	0.66616
1M|i32|strided|u64	0.682205
1M|i32|strided|char	0.11641
1M|i32|strided|f16	0.717045
1M|i32|strided|f32	0.34268
1M|i32|strided|f64	0.672545
1M|i32|strided|c128	1.25539
1M|i32|bcast|bool	0.32232
1M|i32|bcast|u8	0.251945
1M|i32|bcast|i8	0.222565
1M|i32|bcast|i16	0.420705
1M|i32|bcast|u16	0.426655
1M|i32|bcast|i32	0.75273
1M|i32|bcast|u32	0.76043
1M|i32|bcast|i64	1.27806
1M|i32|bcast|u64	1.23496
1M|i32|bcast|char	0.42358
1M|i32|bcast|f16	1.63717
1M|i32|bcast|f32	0.6854
1M|i32|bcast|f64	1.2595
1M|i32|bcast|c128	2.4827
1M|u32|C|bool	0.202995
1M|u32|C|u8	0.20053
1M|u32|C|i8	0.1995
1M|u32|C|i16	0.40091
1M|u32|C|u16	0.39465
1M|u32|C|i32	0.686775
1M|u32|C|u32	0.53592
1M|u32|C|i64	1.27618
1M|u32|C|u64	1.28459
1M|u32|C|char	0.40425
1M|u32|C|f16	1.69666
1M|u32|C|f32	0.799895
1M|u32|C|f64	1.32514
1M|u32|C|c128	2.63079
1M|u32|F|bool	0.19901
1M|u32|F|u8	0.201085
1M|u32|F|i8	0.205395
1M|u32|F|i16	0.40686
1M|u32|F|u16	0.392855
1M|u32|F|i32	0.69236
1M|u32|F|u32	0.622695
1M|u32|F|i64	1.30608
1M|u32|F|u64	1.32726
1M|u32|F|char	0.408195
1M|u32|F|f16	1.76786
1M|u32|F|f32	0.794955
1M|u32|F|f64	1.36261
1M|u32|F|c128	2.84113
1M|u32|T|bool	0.201365
1M|u32|T|u8	0.19964
1M|u32|T|i8	0.1994
1M|u32|T|i16	0.403815
1M|u32|T|u16	0.478155
1M|u32|T|i32	0.895045
1M|u32|T|u32	0.546015
1M|u32|T|i64	1.30393
1M|u32|T|u64	1.29926
1M|u32|T|char	0.507095
1M|u32|T|f16	1.71138
1M|u32|T|f32	0.78348
1M|u32|T|f64	1.4135
1M|u32|T|c128	2.58501
1M|u32|sliced|bool	0.21045
1M|u32|sliced|u8	0.21188
1M|u32|sliced|i8	0.204685
1M|u32|sliced|i16	0.40652
1M|u32|sliced|u16	0.423025
1M|u32|sliced|i32	0.65265
1M|u32|sliced|u32	0.701345
1M|u32|sliced|i64	1.25988
1M|u32|sliced|u64	1.21852
1M|u32|sliced|char	0.39485
1M|u32|sliced|f16	1.699
1M|u32|sliced|f32	0.761525
1M|u32|sliced|f64	1.31383
1M|u32|sliced|c128	2.55997
1M|u32|negrow|bool	0.22576
1M|u32|negrow|u8	0.219835
1M|u32|negrow|i8	0.217145
1M|u32|negrow|i16	0.4117
1M|u32|negrow|u16	0.42625
1M|u32|negrow|i32	0.699515
1M|u32|negrow|u32	0.744225
1M|u32|negrow|i64	1.31543
1M|u32|negrow|u64	1.45632
1M|u32|negrow|char	0.427655
1M|u32|negrow|f16	1.74294
1M|u32|negrow|f32	0.80423
1M|u32|negrow|f64	1.49377
1M|u32|negrow|c128	2.57103
1M|u32|negcol|bool	0.333125
1M|u32|negcol|u8	0.23466
1M|u32|negcol|i8	0.22682
1M|u32|negcol|i16	0.44362
1M|u32|negcol|u16	0.442795
1M|u32|negcol|i32	0.73681
1M|u32|negcol|u32	0.67868
1M|u32|negcol|i64	1.30372
1M|u32|negcol|u64	1.29272
1M|u32|negcol|char	0.461645
1M|u32|negcol|f16	1.71987
1M|u32|negcol|f32	0.767385
1M|u32|negcol|f64	1.33479
1M|u32|negcol|c128	2.57994
1M|u32|strided|bool	0.149735
1M|u32|strided|u8	0.10339
1M|u32|strided|i8	0.10139
1M|u32|strided|i16	0.118675
1M|u32|strided|u16	0.11791
1M|u32|strided|i32	0.35392
1M|u32|strided|u32	0.34083
1M|u32|strided|i64	0.66018
1M|u32|strided|u64	0.680325
1M|u32|strided|char	0.11762
1M|u32|strided|f16	0.770115
1M|u32|strided|f32	0.387345
1M|u32|strided|f64	0.80397
1M|u32|strided|c128	1.35331
1M|u32|bcast|bool	0.360575
1M|u32|bcast|u8	0.23174
1M|u32|bcast|i8	0.234495
1M|u32|bcast|i16	0.42897
1M|u32|bcast|u16	0.426005
1M|u32|bcast|i32	0.665165
1M|u32|bcast|u32	0.755645
1M|u32|bcast|i64	1.48499
1M|u32|bcast|u64	1.28266
1M|u32|bcast|char	0.504955
1M|u32|bcast|f16	2.31542
1M|u32|bcast|f32	0.897525
1M|u32|bcast|f64	1.28205
1M|u32|bcast|c128	2.6722
1M|i64|C|bool	0.28385
1M|i64|C|u8	0.39148
1M|i64|C|i8	0.22189
1M|i64|C|i16	0.51456
1M|i64|C|u16	0.47445
1M|i64|C|i32	0.809725
1M|i64|C|u32	0.99878
1M|i64|C|i64	1.2813
1M|i64|C|u64	1.51977
1M|i64|C|char	0.606315
1M|i64|C|f16	1.66334
1M|i64|C|f32	0.827105
1M|i64|C|f64	1.34025
1M|i64|C|c128	2.5799
1M|i64|F|bool	0.22191
1M|i64|F|u8	0.199295
1M|i64|F|i8	0.1986
1M|i64|F|i16	0.411755
1M|i64|F|u16	0.40938
1M|i64|F|i32	0.68532
1M|i64|F|u32	0.67054
1M|i64|F|i64	1.00189
1M|i64|F|u64	1.26203
1M|i64|F|char	0.399835
1M|i64|F|f16	1.60377
1M|i64|F|f32	0.71094
1M|i64|F|f64	1.28769
1M|i64|F|c128	2.51774
1M|i64|T|bool	0.222075
1M|i64|T|u8	0.199855
1M|i64|T|i8	0.20062
1M|i64|T|i16	0.4143
1M|i64|T|u16	0.40546
1M|i64|T|i32	0.694695
1M|i64|T|u32	0.717905
1M|i64|T|i64	1.02798
1M|i64|T|u64	1.29914
1M|i64|T|char	0.401855
1M|i64|T|f16	1.59805
1M|i64|T|f32	0.707935
1M|i64|T|f64	1.3606
1M|i64|T|c128	2.5341
1M|i64|sliced|bool	0.22058
1M|i64|sliced|u8	0.208865
1M|i64|sliced|i8	0.20695
1M|i64|sliced|i16	0.432455
1M|i64|sliced|u16	0.421915
1M|i64|sliced|i32	0.74056
1M|i64|sliced|u32	0.680265
1M|i64|sliced|i64	1.41684
1M|i64|sliced|u64	1.29601
1M|i64|sliced|char	0.420825
1M|i64|sliced|f16	1.68097
1M|i64|sliced|f32	0.718095
1M|i64|sliced|f64	1.34666
1M|i64|sliced|c128	2.60873
1M|i64|negrow|bool	0.23955
1M|i64|negrow|u8	0.216125
1M|i64|negrow|i8	0.21792
1M|i64|negrow|i16	0.430365
1M|i64|negrow|u16	0.419765
1M|i64|negrow|i32	0.714005
1M|i64|negrow|u32	0.72787
1M|i64|negrow|i64	1.35886
1M|i64|negrow|u64	1.31555
1M|i64|negrow|char	0.408525
1M|i64|negrow|f16	1.67785
1M|i64|negrow|f32	0.73564
1M|i64|negrow|f64	1.3615
1M|i64|negrow|c128	2.55298
1M|i64|negcol|bool	0.36194
1M|i64|negcol|u8	0.23793
1M|i64|negcol|i8	0.2431
1M|i64|negcol|i16	0.45338
1M|i64|negcol|u16	0.463785
1M|i64|negcol|i32	0.73479
1M|i64|negcol|u32	0.720005
1M|i64|negcol|i64	1.33158
1M|i64|negcol|u64	1.31993
1M|i64|negcol|char	0.45085
1M|i64|negcol|f16	1.6727
1M|i64|negcol|f32	0.740945
1M|i64|negcol|f64	1.29233
1M|i64|negcol|c128	2.61741
1M|i64|strided|bool	0.16406
1M|i64|strided|u8	0.12358
1M|i64|strided|i8	0.128145
1M|i64|strided|i16	0.14495
1M|i64|strided|u16	0.143075
1M|i64|strided|i32	0.375155
1M|i64|strided|u32	0.369855
1M|i64|strided|i64	0.686315
1M|i64|strided|u64	0.677495
1M|i64|strided|char	0.14073
1M|i64|strided|f16	0.725015
1M|i64|strided|f32	0.38342
1M|i64|strided|f64	0.67954
1M|i64|strided|c128	1.31608
1M|i64|bcast|bool	0.324645
1M|i64|bcast|u8	0.21951
1M|i64|bcast|i8	0.2269
1M|i64|bcast|i16	0.430225
1M|i64|bcast|u16	0.430365
1M|i64|bcast|i32	0.684635
1M|i64|bcast|u32	0.68365
1M|i64|bcast|i64	1.48767
1M|i64|bcast|u64	1.30032
1M|i64|bcast|char	0.42212
1M|i64|bcast|f16	1.63762
1M|i64|bcast|f32	0.738155
1M|i64|bcast|f64	1.22703
1M|i64|bcast|c128	2.5299
1M|u64|C|bool	0.21598
1M|u64|C|u8	0.19765
1M|u64|C|i8	0.19823
1M|u64|C|i16	0.403925
1M|u64|C|u16	0.40399
1M|u64|C|i32	0.6722
1M|u64|C|u32	0.66729
1M|u64|C|i64	1.31189
1M|u64|C|u64	1.03746
1M|u64|C|char	0.43602
1M|u64|C|f16	1.8596
1M|u64|C|f32	0.786925
1M|u64|C|f64	1.34506
1M|u64|C|c128	2.57176
1M|u64|F|bool	0.21244
1M|u64|F|u8	0.20221
1M|u64|F|i8	0.2002
1M|u64|F|i16	0.3979
1M|u64|F|u16	0.377615
1M|u64|F|i32	0.682875
1M|u64|F|u32	0.65139
1M|u64|F|i64	1.29922
1M|u64|F|u64	1.03946
1M|u64|F|char	0.390505
1M|u64|F|f16	1.82085
1M|u64|F|f32	0.800015
1M|u64|F|f64	1.33487
1M|u64|F|c128	2.59915
1M|u64|T|bool	0.217965
1M|u64|T|u8	0.20215
1M|u64|T|i8	0.201305
1M|u64|T|i16	0.409255
1M|u64|T|u16	0.389185
1M|u64|T|i32	0.663075
1M|u64|T|u32	0.65744
1M|u64|T|i64	1.26368
1M|u64|T|u64	0.97914
1M|u64|T|char	0.400045
1M|u64|T|f16	1.83765
1M|u64|T|f32	0.77487
1M|u64|T|f64	1.32416
1M|u64|T|c128	2.57617
1M|u64|sliced|bool	0.222135
1M|u64|sliced|u8	0.20518
1M|u64|sliced|i8	0.20596
1M|u64|sliced|i16	0.40909
1M|u64|sliced|u16	0.400015
1M|u64|sliced|i32	0.692265
1M|u64|sliced|u32	0.6858
1M|u64|sliced|i64	1.3357
1M|u64|sliced|u64	1.34364
1M|u64|sliced|char	0.40273
1M|u64|sliced|f16	1.83762
1M|u64|sliced|f32	0.78813
1M|u64|sliced|f64	1.33057
1M|u64|sliced|c128	2.54999
1M|u64|negrow|bool	0.237875
1M|u64|negrow|u8	0.21783
1M|u64|negrow|i8	0.22197
1M|u64|negrow|i16	0.42423
1M|u64|negrow|u16	0.40679
1M|u64|negrow|i32	0.702795
1M|u64|negrow|u32	0.70318
1M|u64|negrow|i64	1.33759
1M|u64|negrow|u64	1.41873
1M|u64|negrow|char	0.42066
1M|u64|negrow|f16	1.87143
1M|u64|negrow|f32	0.79747
1M|u64|negrow|f64	1.29838
1M|u64|negrow|c128	2.62428
1M|u64|negcol|bool	0.361495
1M|u64|negcol|u8	0.24997
1M|u64|negcol|i8	0.229
1M|u64|negcol|i16	0.44014
1M|u64|negcol|u16	0.45695
1M|u64|negcol|i32	0.74029
1M|u64|negcol|u32	0.67958
1M|u64|negcol|i64	1.35551
1M|u64|negcol|u64	1.28716
1M|u64|negcol|char	0.46186
1M|u64|negcol|f16	1.87814
1M|u64|negcol|f32	0.814615
1M|u64|negcol|f64	1.38204
1M|u64|negcol|c128	2.56882
1M|u64|strided|bool	0.16583
1M|u64|strided|u8	0.12721
1M|u64|strided|i8	0.124265
1M|u64|strided|i16	0.14243
1M|u64|strided|u16	0.15055
1M|u64|strided|i32	0.358705
1M|u64|strided|u32	0.37068
1M|u64|strided|i64	0.681085
1M|u64|strided|u64	0.664695
1M|u64|strided|char	0.144185
1M|u64|strided|f16	0.822065
1M|u64|strided|f32	0.40164
1M|u64|strided|f64	0.67445
1M|u64|strided|c128	1.39875
1M|u64|bcast|bool	0.340885
1M|u64|bcast|u8	0.258335
1M|u64|bcast|i8	0.228145
1M|u64|bcast|i16	0.42321
1M|u64|bcast|u16	0.426215
1M|u64|bcast|i32	0.706255
1M|u64|bcast|u32	0.708375
1M|u64|bcast|i64	1.32923
1M|u64|bcast|u64	1.49757
1M|u64|bcast|char	0.426575
1M|u64|bcast|f16	1.82806
1M|u64|bcast|f32	0.795915
1M|u64|bcast|f64	1.28946
1M|u64|bcast|c128	2.47451
1M|char|C|bool	0.198215
1M|char|C|u8	0.19813
1M|char|C|i8	0.19586
1M|char|C|i16	0.39924
1M|char|C|u16	0.25979
1M|char|C|i32	0.672675
1M|char|C|u32	0.664175
1M|char|C|i64	1.25722
1M|char|C|u64	1.27948
1M|char|C|char	0.25868
1M|char|C|f16	1.61188
1M|char|C|f32	0.655805
1M|char|C|f64	1.26315
1M|char|C|c128	2.47235
1M|char|F|bool	0.198725
1M|char|F|u8	0.200805
1M|char|F|i8	0.201545
1M|char|F|i16	0.38704
1M|char|F|u16	0.263045
1M|char|F|i32	0.68674
1M|char|F|u32	0.68984
1M|char|F|i64	1.27081
1M|char|F|u64	1.27449
1M|char|F|char	0.269395
1M|char|F|f16	1.63549
1M|char|F|f32	0.68949
1M|char|F|f64	1.36448
1M|char|F|c128	2.57772
1M|char|T|bool	0.202435
1M|char|T|u8	0.202115
1M|char|T|i8	0.20331
1M|char|T|i16	0.396655
1M|char|T|u16	0.27695
1M|char|T|i32	0.670925
1M|char|T|u32	0.696215
1M|char|T|i64	1.27767
1M|char|T|u64	1.31424
1M|char|T|char	0.287675
1M|char|T|f16	1.63128
1M|char|T|f32	0.70386
1M|char|T|f64	1.24946
1M|char|T|c128	2.48499
1M|char|sliced|bool	0.208945
1M|char|sliced|u8	0.207515
1M|char|sliced|i8	0.20786
1M|char|sliced|i16	0.409185
1M|char|sliced|u16	0.36311
1M|char|sliced|i32	0.64417
1M|char|sliced|u32	0.65183
1M|char|sliced|i64	1.23507
1M|char|sliced|u64	1.26248
1M|char|sliced|char	0.38168
1M|char|sliced|f16	1.65596
1M|char|sliced|f32	0.685265
1M|char|sliced|f64	1.26344
1M|char|sliced|c128	2.46502
1M|char|negrow|bool	0.221655
1M|char|negrow|u8	0.21999
1M|char|negrow|i8	0.212625
1M|char|negrow|i16	0.409985
1M|char|negrow|u16	0.394425
1M|char|negrow|i32	0.662245
1M|char|negrow|u32	0.65595
1M|char|negrow|i64	1.3128
1M|char|negrow|u64	1.22413
1M|char|negrow|char	0.354725
1M|char|negrow|f16	1.64285
1M|char|negrow|f32	0.67762
1M|char|negrow|f64	1.2318
1M|char|negrow|c128	2.38005
1M|char|negcol|bool	0.3239
1M|char|negcol|u8	0.245325
1M|char|negcol|i8	0.233435
1M|char|negcol|i16	0.425815
1M|char|negcol|u16	0.42709
1M|char|negcol|i32	0.713585
1M|char|negcol|u32	0.66972
1M|char|negcol|i64	1.22341
1M|char|negcol|u64	1.24446
1M|char|negcol|char	0.42912
1M|char|negcol|f16	1.65039
1M|char|negcol|f32	0.7184
1M|char|negcol|f64	1.25068
1M|char|negcol|c128	2.48593
1M|char|strided|bool	0.15021
1M|char|strided|u8	0.10063
1M|char|strided|i8	0.103115
1M|char|strided|i16	0.116475
1M|char|strided|u16	0.105135
1M|char|strided|i32	0.352775
1M|char|strided|u32	0.358195
1M|char|strided|i64	0.65906
1M|char|strided|u64	0.644405
1M|char|strided|char	0.10504
1M|char|strided|f16	0.717925
1M|char|strided|f32	0.356855
1M|char|strided|f64	0.63883
1M|char|strided|c128	1.24264
1M|char|bcast|bool	0.31698
1M|char|bcast|u8	0.245615
1M|char|bcast|i8	0.22662
1M|char|bcast|i16	0.42653
1M|char|bcast|u16	0.397935
1M|char|bcast|i32	0.687875
1M|char|bcast|u32	0.66362
1M|char|bcast|i64	1.29931
1M|char|bcast|u64	1.26627
1M|char|bcast|char	0.377905
1M|char|bcast|f16	1.64266
1M|char|bcast|f32	0.699155
1M|char|bcast|f64	1.24659
1M|char|bcast|c128	2.39906
1M|f16|C|bool	0.460745
1M|f16|C|u8	0.94635
1M|f16|C|i8	0.93437
1M|f16|C|i16	1.13645
1M|f16|C|u16	1.14256
1M|f16|C|i32	1.31684
1M|f16|C|u32	1.33726
1M|f16|C|i64	1.74396
1M|f16|C|u64	1.9254
1M|f16|C|char	1.15057
1M|f16|C|f16	0.28326
1M|f16|C|f32	1.08346
1M|f16|C|f64	1.48217
1M|f16|C|c128	2.71983
1M|f16|F|bool	0.455235
1M|f16|F|u8	0.94403
1M|f16|F|i8	0.93875
1M|f16|F|i16	1.11743
1M|f16|F|u16	1.11827
1M|f16|F|i32	1.30626
1M|f16|F|u32	1.31573
1M|f16|F|i64	1.70263
1M|f16|F|u64	1.86627
1M|f16|F|char	1.12622
1M|f16|F|f16	0.27181
1M|f16|F|f32	1.07194
1M|f16|F|f64	1.55571
1M|f16|F|c128	2.71535
1M|f16|T|bool	0.45543
1M|f16|T|u8	0.93275
1M|f16|T|i8	0.943215
1M|f16|T|i16	1.12589
1M|f16|T|u16	1.1282
1M|f16|T|i32	1.30857
1M|f16|T|u32	1.32746
1M|f16|T|i64	1.72688
1M|f16|T|u64	1.86823
1M|f16|T|char	1.13213
1M|f16|T|f16	0.27821
1M|f16|T|f32	1.06151
1M|f16|T|f64	1.46902
1M|f16|T|c128	2.67642
1M|f16|sliced|bool	0.45388
1M|f16|sliced|u8	0.95375
1M|f16|sliced|i8	0.94723
1M|f16|sliced|i16	1.14142
1M|f16|sliced|u16	1.13806
1M|f16|sliced|i32	1.31612
1M|f16|sliced|u32	1.31789
1M|f16|sliced|i64	1.73311
1M|f16|sliced|u64	1.90096
1M|f16|sliced|char	1.13733
1M|f16|sliced|f16	0.35935
1M|f16|sliced|f32	1.05373
1M|f16|sliced|f64	1.50469
1M|f16|sliced|c128	2.67948
1M|f16|negrow|bool	0.463895
1M|f16|negrow|u8	0.956595
1M|f16|negrow|i8	0.955625
1M|f16|negrow|i16	1.15414
1M|f16|negrow|u16	1.14508
1M|f16|negrow|i32	1.33242
1M|f16|negrow|u32	1.33036
1M|f16|negrow|i64	1.7162
1M|f16|negrow|u64	1.88191
1M|f16|negrow|char	1.14599
1M|f16|negrow|f16	0.36113
1M|f16|negrow|f32	1.07942
1M|f16|negrow|f64	1.51764
1M|f16|negrow|c128	2.74414
1M|f16|negcol|bool	0.461655
1M|f16|negcol|u8	0.95066
1M|f16|negcol|i8	0.966725
1M|f16|negcol|i16	1.14903
1M|f16|negcol|u16	1.14908
1M|f16|negcol|i32	1.33038
1M|f16|negcol|u32	1.33661
1M|f16|negcol|i64	1.75261
1M|f16|negcol|u64	1.90545
1M|f16|negcol|char	1.15009
1M|f16|negcol|f16	0.436055
1M|f16|negcol|f32	1.08329
1M|f16|negcol|f64	1.54251
1M|f16|negcol|c128	2.81933
1M|f16|strided|bool	0.221755
1M|f16|strided|u8	0.459075
1M|f16|strided|i8	0.457875
1M|f16|strided|i16	0.473935
1M|f16|strided|u16	0.47706
1M|f16|strided|i32	0.677615
1M|f16|strided|u32	0.689695
1M|f16|strided|i64	0.946045
1M|f16|strided|u64	1.0639
1M|f16|strided|char	0.483285
1M|f16|strided|f16	0.10678
1M|f16|strided|f32	0.54322
1M|f16|strided|f64	0.75658
1M|f16|strided|c128	1.39207
1M|f16|bcast|bool	0.46551
1M|f16|bcast|u8	0.958325
1M|f16|bcast|i8	0.9437
1M|f16|bcast|i16	1.16699
1M|f16|bcast|u16	1.15673
1M|f16|bcast|i32	1.34586
1M|f16|bcast|u32	1.5083
1M|f16|bcast|i64	2.09453
1M|f16|bcast|u64	2.31188
1M|f16|bcast|char	1.23105
1M|f16|bcast|f16	0.479285
1M|f16|bcast|f32	1.31445
1M|f16|bcast|f64	1.87001
1M|f16|bcast|c128	3.6624
1M|f32|C|bool	0.38774
1M|f32|C|u8	0.23909
1M|f32|C|i8	0.24359
1M|f32|C|i16	0.554075
1M|f32|C|u16	0.501445
1M|f32|C|i32	0.843325
1M|f32|C|u32	0.847345
1M|f32|C|i64	1.57293
1M|f32|C|u64	1.62472
1M|f32|C|char	0.513175
1M|f32|C|f16	1.53397
1M|f32|C|f32	0.61445
1M|f32|C|f64	1.49924
1M|f32|C|c128	3.04864
1M|f32|F|bool	0.38208
1M|f32|F|u8	0.23945
1M|f32|F|i8	0.247765
1M|f32|F|i16	0.531785
1M|f32|F|u16	0.50796
1M|f32|F|i32	0.8214
1M|f32|F|u32	0.832855
1M|f32|F|i64	1.56647
1M|f32|F|u64	1.61625
1M|f32|F|char	0.504775
1M|f32|F|f16	1.56477
1M|f32|F|f32	0.55756
1M|f32|F|f64	1.57319
1M|f32|F|c128	2.76709
1M|f32|T|bool	0.38732
1M|f32|T|u8	0.23917
1M|f32|T|i8	0.238465
1M|f32|T|i16	0.46224
1M|f32|T|u16	0.43382
1M|f32|T|i32	0.68563
1M|f32|T|u32	0.669495
1M|f32|T|i64	1.26393
1M|f32|T|u64	1.2799
1M|f32|T|char	0.440075
1M|f32|T|f16	1.50759
1M|f32|T|f32	0.541135
1M|f32|T|f64	1.27909
1M|f32|T|c128	2.49856
1M|f32|sliced|bool	0.390005
1M|f32|sliced|u8	0.242735
1M|f32|sliced|i8	0.24304
1M|f32|sliced|i16	0.470065
1M|f32|sliced|u16	0.45652
1M|f32|sliced|i32	0.692425
1M|f32|sliced|u32	0.68252
1M|f32|sliced|i64	1.26541
1M|f32|sliced|u64	1.32937
1M|f32|sliced|char	0.449425
1M|f32|sliced|f16	1.51465
1M|f32|sliced|f32	0.69303
1M|f32|sliced|f64	1.21631
1M|f32|sliced|c128	2.71691
1M|f32|negrow|bool	0.40893
1M|f32|negrow|u8	0.255905
1M|f32|negrow|i8	0.25589
1M|f32|negrow|i16	0.47964
1M|f32|negrow|u16	0.460015
1M|f32|negrow|i32	0.69426
1M|f32|negrow|u32	0.68923
1M|f32|negrow|i64	1.28215
1M|f32|negrow|u64	1.32928
1M|f32|negrow|char	0.461225
1M|f32|negrow|f16	1.53399
1M|f32|negrow|f32	0.74871
1M|f32|negrow|f64	1.26336
1M|f32|negrow|c128	2.79836
1M|f32|negcol|bool	0.40477
1M|f32|negcol|u8	0.27159
1M|f32|negcol|i8	0.26174
1M|f32|negcol|i16	0.479095
1M|f32|negcol|u16	0.48389
1M|f32|negcol|i32	0.743425
1M|f32|negcol|u32	0.704585
1M|f32|negcol|i64	1.3163
1M|f32|negcol|u64	1.34585
1M|f32|negcol|char	0.476245
1M|f32|negcol|f16	1.55252
1M|f32|negcol|f32	0.6904
1M|f32|negcol|f64	1.25314
1M|f32|negcol|c128	2.74054
1M|f32|strided|bool	0.183915
1M|f32|strided|u8	0.123205
1M|f32|strided|i8	0.12151
1M|f32|strided|i16	0.135395
1M|f32|strided|u16	0.136105
1M|f32|strided|i32	0.351165
1M|f32|strided|u32	0.35786
1M|f32|strided|i64	0.679935
1M|f32|strided|u64	0.67138
1M|f32|strided|char	0.13451
1M|f32|strided|f16	0.666885
1M|f32|strided|f32	0.36335
1M|f32|strided|f64	0.62944
1M|f32|strided|c128	1.2231
1M|f32|bcast|bool	0.38654
1M|f32|bcast|u8	0.258565
1M|f32|bcast|i8	0.25876
1M|f32|bcast|i16	0.4567
1M|f32|bcast|u16	0.46166
1M|f32|bcast|i32	0.68772
1M|f32|bcast|u32	0.744125
1M|f32|bcast|i64	1.32034
1M|f32|bcast|u64	1.35668
1M|f32|bcast|char	0.46107
1M|f32|bcast|f16	1.52792
1M|f32|bcast|f32	0.744065
1M|f32|bcast|f64	1.26255
1M|f32|bcast|c128	2.79319
1M|f64|C|bool	0.385115
1M|f64|C|u8	0.24676
1M|f64|C|i8	0.239145
1M|f64|C|i16	0.457425
1M|f64|C|u16	0.454655
1M|f64|C|i32	0.719945
1M|f64|C|u32	0.728605
1M|f64|C|i64	1.48475
1M|f64|C|u64	1.52852
1M|f64|C|char	0.46193
1M|f64|C|f16	1.70204
1M|f64|C|f32	0.73967
1M|f64|C|f64	1.22882
1M|f64|C|c128	3.05317
1M|f64|F|bool	0.38398
1M|f64|F|u8	0.23538
1M|f64|F|i8	0.233665
1M|f64|F|i16	0.521595
1M|f64|F|u16	0.503955
1M|f64|F|i32	0.83708
1M|f64|F|u32	0.74901
1M|f64|F|i64	1.47143
1M|f64|F|u64	1.46331
1M|f64|F|char	0.453585
1M|f64|F|f16	1.69788
1M|f64|F|f32	0.727175
1M|f64|F|f64	1.20352
1M|f64|F|c128	3.18629
1M|f64|T|bool	0.38809
1M|f64|T|u8	0.23949
1M|f64|T|i8	0.24414
1M|f64|T|i16	0.4641
1M|f64|T|u16	0.45702
1M|f64|T|i32	0.739225
1M|f64|T|u32	0.773965
1M|f64|T|i64	1.40387
1M|f64|T|u64	1.36962
1M|f64|T|char	0.44819
1M|f64|T|f16	1.70257
1M|f64|T|f32	0.72573
1M|f64|T|f64	1.11779
1M|f64|T|c128	3.04221
1M|f64|sliced|bool	0.3915
1M|f64|sliced|u8	0.24767
1M|f64|sliced|i8	0.24147
1M|f64|sliced|i16	0.46653
1M|f64|sliced|u16	0.463305
1M|f64|sliced|i32	0.799315
1M|f64|sliced|u32	0.79588
1M|f64|sliced|i64	1.55728
1M|f64|sliced|u64	1.77513
1M|f64|sliced|char	0.5316
1M|f64|sliced|f16	1.77421
1M|f64|sliced|f32	0.86219
1M|f64|sliced|f64	1.59026
1M|f64|sliced|c128	2.69871
1M|f64|negrow|bool	0.416685
1M|f64|negrow|u8	0.265065
1M|f64|negrow|i8	0.260305
1M|f64|negrow|i16	0.488505
1M|f64|negrow|u16	0.46789
1M|f64|negrow|i32	0.73397
1M|f64|negrow|u32	0.716155
1M|f64|negrow|i64	1.31296
1M|f64|negrow|u64	1.3351
1M|f64|negrow|char	0.460935
1M|f64|negrow|f16	1.71594
1M|f64|negrow|f32	0.71983
1M|f64|negrow|f64	1.41534
1M|f64|negrow|c128	2.74592
1M|f64|negcol|bool	0.41915
1M|f64|negcol|u8	0.283915
1M|f64|negcol|i8	0.28727
1M|f64|negcol|i16	0.49857
1M|f64|negcol|u16	0.49922
1M|f64|negcol|i32	0.76273
1M|f64|negcol|u32	0.771585
1M|f64|negcol|i64	1.40977
1M|f64|negcol|u64	1.31779
1M|f64|negcol|char	0.49502
1M|f64|negcol|f16	1.70011
1M|f64|negcol|f32	0.748235
1M|f64|negcol|f64	1.301
1M|f64|negcol|c128	2.96791
1M|f64|strided|bool	0.207135
1M|f64|strided|u8	0.14643
1M|f64|strided|i8	0.158605
1M|f64|strided|i16	0.18284
1M|f64|strided|u16	0.18518
1M|f64|strided|i32	0.61526
1M|f64|strided|u32	0.467745
1M|f64|strided|i64	0.881235
1M|f64|strided|u64	0.94125
1M|f64|strided|char	0.1569
1M|f64|strided|f16	0.751835
1M|f64|strided|f32	0.51809
1M|f64|strided|f64	0.83939
1M|f64|strided|c128	1.63457
1M|f64|bcast|bool	0.397165
1M|f64|bcast|u8	0.25934
1M|f64|bcast|i8	0.26562
1M|f64|bcast|i16	0.541645
1M|f64|bcast|u16	0.543075
1M|f64|bcast|i32	0.857005
1M|f64|bcast|u32	0.8463
1M|f64|bcast|i64	1.62531
1M|f64|bcast|u64	1.58816
1M|f64|bcast|char	0.536445
1M|f64|bcast|f16	1.76227
1M|f64|bcast|f32	0.875385
1M|f64|bcast|f64	1.78598
1M|f64|bcast|c128	3.28191
1M|c128|C|bool	0.443375
1M|c128|C|u8	0.334845
1M|c128|C|i8	0.31988
1M|c128|C|i16	0.62819
1M|c128|C|u16	0.5977
1M|c128|C|i32	0.920285
1M|c128|C|u32	0.843365
1M|c128|C|i64	1.55989
1M|c128|C|u64	1.68022
1M|c128|C|char	0.621845
1M|c128|C|f16	1.70306
1M|c128|C|f32	0.833515
1M|c128|C|f64	1.66674
1M|c128|C|c128	2.65509
1M|c128|F|bool	0.588115
1M|c128|F|u8	0.48863
1M|c128|F|i8	0.42734
1M|c128|F|i16	0.72894
1M|c128|F|u16	0.77065
1M|c128|F|i32	1.15727
1M|c128|F|u32	1.12738
1M|c128|F|i64	1.91917
1M|c128|F|u64	2.00086
1M|c128|F|char	0.77948
1M|c128|F|f16	1.86617
1M|c128|F|f32	1.16224
1M|c128|F|f64	1.80912
1M|c128|F|c128	2.987
1M|c128|T|bool	0.46057
1M|c128|T|u8	0.2889
1M|c128|T|i8	0.28275
1M|c128|T|i16	0.57685
1M|c128|T|u16	0.52568
1M|c128|T|i32	0.78461
1M|c128|T|u32	0.787225
1M|c128|T|i64	1.64216
1M|c128|T|u64	1.62429
1M|c128|T|char	0.575975
1M|c128|T|f16	1.76891
1M|c128|T|f32	0.921745
1M|c128|T|f64	1.74226
1M|c128|T|c128	2.80599
1M|c128|sliced|bool	0.43489
1M|c128|sliced|u8	0.29743
1M|c128|sliced|i8	0.29663
1M|c128|sliced|i16	0.59758
1M|c128|sliced|u16	0.634525
1M|c128|sliced|i32	1.04063
1M|c128|sliced|u32	0.96923
1M|c128|sliced|i64	1.89785
1M|c128|sliced|u64	1.92218
1M|c128|sliced|char	0.668105
1M|c128|sliced|f16	1.83323
1M|c128|sliced|f32	1.00696
1M|c128|sliced|f64	1.87609
1M|c128|sliced|c128	3.90793
1M|c128|negrow|bool	0.49576
1M|c128|negrow|u8	0.320045
1M|c128|negrow|i8	0.322825
1M|c128|negrow|i16	0.633745
1M|c128|negrow|u16	0.686345
1M|c128|negrow|i32	1.04791
1M|c128|negrow|u32	1.08946
1M|c128|negrow|i64	1.85543
1M|c128|negrow|u64	1.85551
1M|c128|negrow|char	0.680405
1M|c128|negrow|f16	1.84452
1M|c128|negrow|f32	1.04616
1M|c128|negrow|f64	1.81379
1M|c128|negrow|c128	3.9744
1M|c128|negcol|bool	0.4663
1M|c128|negcol|u8	0.335535
1M|c128|negcol|i8	0.335505
1M|c128|negcol|i16	0.703365
1M|c128|negcol|u16	0.647665
1M|c128|negcol|i32	1.09111
1M|c128|negcol|u32	1.00921
1M|c128|negcol|i64	1.90224
1M|c128|negcol|u64	1.85496
1M|c128|negcol|char	0.698025
1M|c128|negcol|f16	1.84088
1M|c128|negcol|f32	1.0173
1M|c128|negcol|f64	1.89052
1M|c128|negcol|c128	4.29771
1M|c128|strided|bool	0.277375
1M|c128|strided|u8	0.25176
1M|c128|strided|i8	0.23397
1M|c128|strided|i16	0.244575
1M|c128|strided|u16	0.259255
1M|c128|strided|i32	0.59506
1M|c128|strided|u32	0.572545
1M|c128|strided|i64	1.02601
1M|c128|strided|u64	0.998625
1M|c128|strided|char	0.262545
1M|c128|strided|f16	0.781295
1M|c128|strided|f32	0.579055
1M|c128|strided|f64	0.966615
1M|c128|strided|c128	1.92584
1M|c128|bcast|bool	0.392515
1M|c128|bcast|u8	0.260665
1M|c128|bcast|i8	0.26063
1M|c128|bcast|i16	0.54749
1M|c128|bcast|u16	0.549725
1M|c128|bcast|i32	0.8589
1M|c128|bcast|u32	0.88316
1M|c128|bcast|i64	1.60216
1M|c128|bcast|u64	1.60059
1M|c128|bcast|char	0.538045
1M|c128|bcast|f16	1.7647
1M|c128|bcast|f32	0.878525
1M|c128|bcast|f64	1.57432
1M|c128|bcast|c128	3.51039
